gain,iteration,trials,iterations_total,seed,mse_base_units,mse_base_units_mcse,mse_param_units,crlb_base_units,crlb_param_units,ratio_mse_to_crlb,bias_sq_base_units,variance_base_units,bias_1_base_units,bias_2_base_units,bias_3_base_units,bias_4_base_units,bias_5_base_units,bias_6_base_units,bias_7_base_units,bias_8_base_units,bias_9_base_units,mean_exact_loglik,relative_change_median,relative_change_p95,relative_change_max,relative_change_fraction_below_1e-6
0.1,0,10000,1000,20260929,2527.636681257812,13.161674796175783,25.276366812578125,2110.1969390431345,21.10196939043135,1.19782027662497,0.25544633230524755,2527.381234925507,-0.5745690472893443,-0.04349523809472089,0.6661142857141158,0.41269523809518205,0.8271428571423485,0.28769523809506836,0.5439761927160447,-0.013780952380955114,-0.538457142857169,-56.62448878938153,,,,
0.1,20,10000,1000,20260929,2106.876751373072,11.544112152959057,21.06876751373072,2110.1969390431345,21.10196939043135,0.9984265981962952,0.1383974639810446,2106.738353909092,0.25655133457246393,-0.1580311991583585,0.3390414053902191,-0.1120387042516029,0.8928868335110565,0.25260343761925697,0.0228142529772839,-0.0027653860417444776,-0.4070619746161128,-50.733795119825004,9.369372574609768e-05,0.00031954571716123043,0.0016214701757167624,0.0
0.1,200,10000,1000,20260929,2106.722195123985,11.538537745959339,21.06722195123985,2110.1969390431345,21.10196939043135,0.9983533556253166,0.14016802435344114,2106.5820270996337,0.21154332373622253,-0.20642239752839942,0.37467566555221765,0.0004862787849333472,0.912354379049475,0.23909464905818822,-0.05890725200104896,-0.013926571954016254,-0.37489807470092273,-50.73350929401183,0.0,4.444733555316813e-15,2.2113291026705198e-07,1.0
0.1,1000,10000,1000,20260929,2106.7221724054025,11.5385372420475,21.067221724054026,2110.1969390431345,21.10196939043135,0.9983533448592208,0.14016802115815954,2106.582004384247,0.21154319811644484,-0.20642259595268797,0.37467573468421733,0.0004867733053686152,0.9123543345435792,0.2390946679210515,-0.05890735809639125,-0.013926753412476955,-0.37489800111177374,-50.733509294011135,0.0,1.264609434445823e-16,2.377352221563153e-16,1.0
1.0,0,10000,1000,20260929,254.29771568279165,1.3001280863194193,254.29771568279165,211.0196939043135,211.0196939043135,1.2050899656697565,0.013053710089624613,254.284661972702,-0.05269380952408653,-0.09869666666611465,-0.13974619047627357,0.029008095238083342,-0.17085000000042783,0.12906523809505188,-0.05166047619061942,-0.11239666666665471,0.15312047619045188,-70.9817017590386,,,,
1.0,20,10000,1000,20260929,210.65949833611705,1.1380200068903974,210.65949833611705,211.0196939043135,211.0196939043135,0.9982930713170318,0.009817120473559983,210.64968121564345,-0.056708415556769864,-0.07836746229105529,-0.11374172153722384,-0.05504698637921024,-0.17490425259904896,0.15414734637016636,0.02523738100170192,-0.07516962527705573,0.04887873626785222,-69.19848913338065,2.7320554019205854e-05,7.239116957530865e-05,0.00016009930579479275,0.0001
1.0,200,10000,1000,20260929,210.65704746131058,1.1378994087925278,210.65704746131058,211.0196939043135,211.0196939043135,0.9982814568806675,0.009664301098548232,210.64738316021234,-0.059861095950239473,-0.08120202214317374,-0.11136215764872759,-0.04796960660209493,-0.17335745193690855,0.15274851138491385,0.019666223349943834,-0.0755372595470476,0.051199859097437184,-69.19841290686225,0.0,1.093352653096028e-16,2.0056786247557377e-16,1.0
1.0,1000,10000,1000,20260929,210.65704746131058,1.1378994087925278,210.65704746131058,211.0196939043135,211.0196939043135,0.9982814568806675,0.009664301098548232,210.64738316021234,-0.059861095950239473,-0.08120202214317374,-0.11136215764872759,-0.04796960660209493,-0.17335745193690855,0.15274851138491385,0.019666223349943834,-0.0755372595470476,0.051199859097437184,-69.19841290686225,0.0,1.0823603516779303e-16,2.1256975038292222e-16,1.0
5.0,0,10000,1000,20260929,51.04042930491811,0.2612422021478211,1276.010732622953,42.20393878086271,1055.0984695215675,1.2093759677251332,0.008979766565684536,51.03144953835242,-0.022528952381250633,0.029121333333847588,-0.011749904762041297,-0.08900533333337535,0.0038571428567593102,0.16035752380935264,0.15343009523795104,-0.019855809523789958,-0.14743752380945807,-83.81013531524434,,,,
5.0,20,10000,1000,20260929,42.495205123086976,0.22835362079560897,1062.3801280771745,42.20393878086271,1055.0984695215675,1.0069014018747544,0.006379487089703314,42.48882563599728,0.07748367571537074,-0.030135033713008852,0.004526762016325847,-0.04944119996787322,0.010760504404743187,0.16520775768611884,0.036025363544609945,-0.03928617805183876,-0.1333716516367076,-82.07863107726983,1.1845836903129652e-05,3.220341829378628e-05,5.9886257679325125e-05,0.0015
5.0,200,10000,1000,20260929,42.4933091754054,0.22833371935993538,1062.3327293851348,42.20393878086271,1055.0984695215675,1.0068564783975544,0.006344899994342566,42.48696427541109,0.07673422821362408,-0.03234483043220848,0.005630529801749162,-0.046298003625366846,0.010868125401202633,0.16568571459583836,0.03433614400432816,-0.040006750456143436,-0.13283515750845254,-82.07856077939125,0.0,9.698564880456375e-17,2.2828430258764235e-16,1.0
5.0,1000,10000,1000,20260929,42.4933091754054,0.2283337193599354,1062.3327293851348,42.20393878086271,1055.0984695215675,1.0068564783975544,0.006344899994342566,42.48696427541109,0.07673422821362408,-0.03234483043220848,0.005630529801749162,-0.046298003625366846,0.010868125401202633,0.16568571459583836,0.03433614400432816,-0.040006750456143436,-0.13283515750845254,-82.07856077939125,0.0,9.63335429467855e-17,3.1454501349239226e-16,1.0
10.0,0,10000,1000,20260929,25.408783194846944,0.13255688316085815,2540.8783194846947,21.101969390431353,2110.196939043135,1.2040953488620123,0.0011395093988844495,25.407643685448058,-0.05942892857170534,0.008409642857628796,0.06060535714271964,0.008912499999979673,-0.016289642857486797,0.007729642856986629,0.011776785714133098,-0.02295750000013186,0.04370107142858615,-89.33431982785368,,,,
10.0,20,10000,1000,20260929,21.16228791157401,0.11533057663606007,2116.228791157401,21.101969390431353,2110.196939043135,1.0028584308898678,0.00048124099445949416,21.161806670579537,-0.035333176778237885,0.013531184836296006,0.04034815177033124,-0.0010450258973548898,-0.008793846967023455,0.010926458997516875,-0.008518198007934075,-0.011886474300638383,0.0293259263469281,-87.61177147101613,8.187019613355312e-06,2.2073943524230293e-05,5.505745615554053e-05,0.0042
10.0,200,10000,1000,20260929,21.16362073209079,0.11533311703909897,2116.362073209079,21.101969390431353,2110.196939043135,1.0029215918438112,0.0004862825602715796,21.163134449530556,-0.03559247602964888,0.013187347055236387,0.04059739638529436,-0.0003677095461114277,-0.00864562091010157,0.01083016249179991,-0.009083237356662721,-0.011892810568838286,0.029521948478532067,-87.61170389821905,0.0,8.936454534464e-17,2.3139513663307028e-16,1.0
10.0,1000,10000,1000,20260929,21.16362073209079,0.11533311703909897,2116.362073209079,21.101969390431353,2110.196939043135,1.0029215918438112,0.0004862825602715796,21.163134449530556,-0.03559247602964888,0.013187347055236387,0.04059739638529436,-0.0003677095461114277,-0.00864562091010157,0.01083016249179991,-0.009083237356662721,-0.011892810568838286,0.029521948478532067,-87.61170389821906,0.0,9.077220248536694e-17,2.3139513663307028e-16,1.0
